Date Completed,Version,Library,Feature,Task
2018-Nov-11,1.0.0.0,JsonQuickStart,JSON To XML,Basic functionality to convert JSON to XML
PENDING,1.0.0.0,JsonQuickStart,XML To JSON,Basic functionality to convert XML to JSON
PENDING,1.0.0.0,JsonQuickStart,JSON Serialization,Serialize object to a JSON stream and back to object. 
PENDING,1.0.0.0,JsonQuickStart,JSON FileSystem,Read and Write JSON items to and from a directory on the file system
PENDING,1.0.0.0,TestJsonQuickStart,General Unit Tests,Basic Smoketest of JsonQuickStart
PENDING,1.0.0.0,TestJsonQuickStart,Test JsonHelper,Basic Smoketest of JsonHelper
PENDING,1.0.0.0,TestJsonQuickStart,Test JsonSerializationHelper,Basic Smoketest of JsonSerializationHelper
PENDING,1.0.0.0,TestJsonQuickStart,Test JsonFileSystemHelper,Basic Smoketest of JsonFileSystemHelper
